prix,metres carres
277000.00,31.45
160000.00,16.70
495000.00,53.08
299040.00,28.67
519000.00,50.66
318800.00,33.02
598800.00,69.47
718000.00,84.55
890000.00,46.74
354000.00,47.21
257500.00,27.93
196000.00,20.73
420000.00,55.82
303500.00,38.01
1910000.00,177.08
605000.00,67.97
200000.00,23.17
668000.00,70.83
470500.00,48.04
220000.00,23.64
300000.00,31.28
350000.00,45.34
265000.00,30.65
430000.00,50.41
959200.00,100.06
230000.00,28.33
519000.00,46.63
538000.00,63.52
205000.00,24.80
364000.00,37.18
340000.00,40.00
809500.00,79.95
270000.00,34.56
320000.00,39.56
405000.00,49.35
385000.00,44.30
370000.00,45.05
851000.00,94.98
1020000.00,97.67
1148700.00,112.65
589000.00,63.90
257300.00,30.60
1963000.00,161.04
380000.00,40.10
365000.00,44.55
660000.00,76.85
635050.00,66.06
361000.00,37.96
333000.00,32.60
331666.66,61.00
224000.00,21.48
280000.00,28.61
377000.00,43.53
620100.00,77.04
1010000.00,97.46
350000.00,33.04
116500.00,15.17
316300.00,39.75
540000.00,65.67
295000.00,27.47
220000.00,27.89
486000.00,61.47
910000.00,99.16
520000.00,62.10
230000.00,27.77
700900.00,65.96
305000.00,33.32
660000.00,67.88
472200.00,56.49
195000.00,21.34
182000.00,21.15
276400.00,34.45
425000.00,64.44
250000.00,40.03
472200.00,56.14
425120.00,52.04
340000.00,44.08
500000.00,71.48
70000.00,15.11
389000.00,26.37
347720.00,35.86
889475.00,85.30
555000.00,69.58
427550.00,48.35
210000.00,30.78
250000.00,31.48
300000.00,35.22
605000.00,76.18
434000.00,50.61
544000.00,62.02
355000.00,82.92
235000.00,19.30
443000.00,55.70
245000.00,29.83
375000.00,49.16
323000.00,35.02
395000.00,45.06
340000.00,36.86
540000.00,63.09
220000.00,29.21
620000.00,67.39
870000.00,90.42
375000.00,44.13
152000.00,28.64
825000.00,99.67
370000.00,45.00
734230.00,73.40
467779.00,62.45
390000.00,38.46
240000.00,24.66
420000.00,50.65
350000.00,40.23
445000.00,50.38
435000.00,42.88
486680.00,42.44
295000.00,33.03
615550.00,60.11
328570.00,42.16
620000.00,71.10
664800.00,64.02
262500.00,31.02
429500.00,43.87
260000.00,25.23
170000.00,18.07
560000.00,60.26
420000.00,41.41
175000.00,20.50
357000.00,41.58
267000.00,26.91
225000.00,29.53
230000.00,32.03
338000.00,42.36
760000.00,101.45
800000.00,104.36
545000.00,62.10
269000.00,31.91
670000.00,70.86
878000.00,93.88
190000.00,38.59
280000.00,27.69
452000.00,47.04
130000.00,28.60
278000.00,33.67
260000.00,43.16
170000.00,15.92
212500.00,18.53
90000.00,49.09
264500.00,29.94
662000.00,84.60
463500.00,51.80
299700.00,37.76
280000.00,30.38
432300.00,44.35
120000.00,27.95
478000.00,65.32
393600.00,36.12
200000.00,19.81
399000.00,36.09
640000.00,74.26
475000.00,51.53
366667.00,45.24
486000.00,52.42
927536.00,119.79
435000.00,41.68
288000.00,43.14
1000000.00,110.58
280000.00,30.43
608150.00,55.21
380000.00,38.12
635000.00,61.17
580000.00,61.20
258000.00,28.36
225000.00,31.70
685000.00,65.47
531500.00,76.38
339000.00,41.51
842150.00,76.62
467000.00,61.41
29750.00,40.00
355780.00,37.47
1547500.00,147.36
597685.00,52.05
440000.00,55.75
225000.00,24.10
691400.00,60.38
1074900.00,82.40
190000.00,29.27
1190000.00,105.68
313000.00,37.33
440000.00,49.24
517500.00,65.30
540000.00,62.10
384550.00,31.96
640000.00,70.18
461000.00,51.23
580000.00,62.14
413000.00,42.25
850000.00,90.08
345000.00,41.67
295000.00,31.05
335000.00,32.28
630000.00,63.20
360000.00,40.64
270000.00,29.30
520400.00,101.69
121739.00,27.93
362000.00,43.45
199000.00,17.37
1285000.00,101.47
355000.00,32.77
210000.00,21.55
228490.00,23.18
270000.00,26.00
315000.00,47.30
261000.00,33.41
433333.00,46.28
163000.00,96.50
520000.00,55.60
185200.00,19.43
755000.00,69.91
202500.00,34.84
431942.38,44.24
545000.00,45.93
267000.00,28.95
700000.00,73.25
140000.00,22.70
200000.00,27.41
750000.00,71.33
560000.00,59.96
1114210.00,113.61
525000.00,48.98
1950000.00,24.68
517000.00,66.32
235000.00,26.58
275000.00,32.54
474800.00,59.58
207100.00,23.75
484450.00,54.89
353000.00,44.76
500000.00,31.45
1177300.00,116.58
297750.00,23.64
400000.00,41.10
508600.00,48.70
477000.00,56.56
824000.00,87.05
447970.00,45.00
480000.00,51.62
852400.00,85.26
308000.00,32.12
1100000.00,118.39
517600.00,66.34
1064300.00,117.18
865000.00,96.67
940000.00,118.19
400000.00,34.56
597500.00,62.17
600000.00,54.59
727000.00,72.86
270000.00,39.68
436400.00,46.80
1034000.00,112.57
330000.00,37.25
400000.00,40.95
375000.00,35.40
835000.00,73.74
306000.00,32.55
178000.00,15.56
755000.00,12.00
572000.00,61.01
250600.00,29.21
645500.00,60.05
268000.00,29.65
333000.00,37.00
420000.00,39.44
480000.00,44.85
328000.00,46.57
277300.00,32.48
362900.00,40.07
655000.00,59.55
293000.00,32.36
555400.00,64.13
500000.00,70.05
424250.00,38.91
370000.00,48.84
568000.00,83.25
225000.00,25.94
580000.00,67.91
835000.00,90.12
770500.00,78.04
140000.00,20.04
772500.00,82.68
1030000.00,21.33
1030000.00,21.33
440000.00,43.30
60000.00,22.25
426000.00,61.03
430000.00,50.53
541750.00,58.54
260000.00,29.01
380725.00,44.85
287000.00,33.52
105000.00,13.45
740000.00,79.57
333000.00,33.57
196350.00,21.77
343150.00,38.31
400000.00,51.50
272000.00,27.69
87000.00,85.00
523530.00,58.12
147370.00,21.44
373000.00,39.75
330000.00,34.04
650000.00,78.30
983300.00,120.02
250000.00,25.77
1210000.00,150.08
539000.00,62.69
485000.00,51.52
864000.00,89.66
270000.00,26.80
440000.00,39.10
217800.00,23.41
545000.00,54.70
205000.00,22.76
470000.00,48.76
571500.00,64.37
1200000.00,111.05
470000.00,47.80
300000.00,38.21
368000.00,45.56
338000.00,41.42
674500.00,62.49
1050000.00,116.10
170000.00,83.03
800000.00,125.83
205000.00,23.52
563150.00,50.93
245000.00,30.71
207000.00,24.41
200000.00,18.10
388600.00,47.74
449000.00,48.17
325000.00,29.93
352650.00,38.41
230000.00,55.28
170000.00,20.70
220309.00,45.22
195000.00,32.68
429320.00,44.18
680000.00,74.31
635200.00,60.28
280000.00,26.76
126500.00,18.15
320000.00,38.40
683000.00,72.85
250000.00,30.25
507000.00,58.00
650000.00,96.00
310000.00,48.32
519000.00,53.67
578850.00,70.30
735000.00,75.05
560000.00,62.31
693250.00,68.21
989500.00,118.97
1575000.00,14.10
556800.00,24.80
420100.00,44.65
491000.00,56.58
670000.00,73.37
282900.00,29.30
400000.00,44.19
285000.00,32.65
760000.00,79.89
295000.00,34.46
215352.00,34.36
488000.00,43.27
300000.00,35.25
410000.00,45.60
284000.00,33.36
435000.00,45.00
825000.00,83.28
242000.00,68.78
1286000.00,40.04
678750.00,74.21
850000.00,83.11
485175.00,111.02
660000.00,71.81
485000.00,30.53
270000.00,35.29
283000.00,30.94
921000.00,90.03
130000.00,14.00
71000.00,8.78
690000.00,66.60
275000.00,29.40
342000.00,53.42
475000.00,56.01
167680.00,16.12
390000.00,59.51
670000.00,77.19
398000.00,44.26
387000.00,36.81
1195000.00,124.90
149000.00,40.21
193000.00,18.94
1250000.00,75.60
321000.00,32.51
1131585.00,91.41
580000.00,59.11
415000.00,44.03
430000.00,46.05
248400.00,23.43
322200.00,37.47
245000.00,25.49
442000.00,46.41
510000.00,64.16
287000.00,30.55
385000.00,35.77
450000.00,54.49
670000.00,67.14
297000.00,31.18
243000.00,27.86
279000.00,43.05
425250.00,38.51
559650.00,53.55
645000.00,65.37
495200.00,51.30
277273.00,26.20
405000.00,45.04
725000.00,72.03
197500.00,17.94
968000.00,46.22
284000.00,30.70
200000.00,29.08
495000.00,47.15
220000.00,29.12
934900.00,83.86
322530.00,29.72
220000.00,27.08
640000.00,59.04
640000.00,54.09
923000.00,24.80
315000.00,32.95
336000.00,27.09
233550.00,19.78
293500.00,24.03
372000.00,38.45
449000.00,48.08
446000.00,57.22
620000.00,67.58
828000.00,72.02
460000.00,52.74
306000.00,31.42
585000.00,55.12
300000.00,31.15
278000.00,31.04
534050.00,46.28
205000.00,21.05
418100.00,41.42
262514.00,50.06
385000.00,57.72
472000.00,56.53
570000.00,59.02
410000.00,46.42
1050000.00,103.11
230000.00,23.82
1000000.00,117.02
334900.00,33.35
827000.00,80.86
450000.00,43.05
333550.00,36.15
400000.00,52.26
646000.00,80.93
352000.00,37.97
387200.00,0.85
348500.00,46.21
315000.00,31.35
536500.00,51.22
534000.00,57.16
220000.00,19.07
336000.00,27.00
615000.00,57.51
837750.00,84.83
365000.00,35.62
180000.00,21.07
359000.00,41.62
490000.00,43.83
300000.00,32.11
333000.00,34.44
375000.00,39.67
430000.00,41.95
290000.00,35.09
530000.00,59.86
911700.00,87.21
589300.00,66.55
568000.00,49.01
1205000.00,119.44
530750.00,53.87
601300.00,55.65
480000.00,47.14
692980.00,67.35
444000.00,45.05
210000.00,25.70
448000.00,44.86
476000.00,56.06
430000.00,38.33
1065000.00,92.11
332500.00,41.57
250000.00,24.91
555000.00,75.15
520000.00,51.53
384000.00,35.66
410000.00,42.03
324390.00,54.73
460000.00,102.79
240000.00,26.30
330000.00,36.04
602900.00,75.59
234000.00,31.03
215000.00,32.18
278000.00,22.96
790050.00,69.04
240000.00,22.53
285000.00,28.81
316350.00,30.08
1000000.00,25.81
302500.00,47.59
417824.00,48.51
240000.00,25.06
428500.00,44.73
460000.00,49.89
425000.00,83.20
1100000.00,88.95
205000.00,25.02
350000.00,42.13
370000.00,42.50
257000.00,28.71
805000.00,96.79
240000.00,34.33
299000.00,31.50
305000.00,37.90
199000.00,21.14
224000.00,35.20
410000.00,46.48
560000.00,79.96
747000.00,88.50
550000.00,64.48
650000.00,85.44
315000.00,31.58
330000.00,28.04
241000.00,31.02
257000.00,31.34
365000.00,43.77
340000.00,55.06
293000.00,28.20
457000.00,46.82
636000.00,71.98
490000.00,64.26
300000.00,33.09
505000.00,67.48
270000.00,30.73
370000.00,43.05
220409.00,57.52
355000.00,39.66
475000.00,66.21
355000.00,43.06
380000.00,50.02
392000.00,44.08
500000.00,43.05
258000.00,29.01
260000.00,36.00
370192.00,39.45
570000.00,83.39
518245.00,64.56
895000.00,76.92
772000.00,81.87
765000.00,15.02
322500.00,30.21
345000.00,45.53
650000.00,71.56
270000.00,28.01
400000.00,56.87
313000.00,39.24
97000.00,17.07
248000.00,26.34
340000.00,36.58
287000.00,27.19
620000.00,61.75
345000.00,51.08
649550.00,68.88
395000.00,48.27
917000.00,130.00
480000.00,63.04
668460.00,103.66
464500.00,46.00
430000.00,48.25
375000.00,48.48
211356.00,103.20
265200.00,46.26
320000.00,42.74
750000.00,71.63
705000.00,95.27
357000.00,40.83
430000.00,43.87
309000.00,36.66
263000.00,46.20
265000.00,37.28
390000.00,68.20
251450.00,44.30
290000.00,30.28
336000.00,39.69
470000.00,59.22
490000.00,66.75
190000.00,30.08
421590.00,65.32
890000.00,79.21
225000.00,49.75
280000.00,30.32
300000.00,36.08
20800.00,12.00
312000.00,35.14
208000.00,23.79
316000.00,41.73
930000.00,96.43
470000.00,52.56
160000.00,18.92
231000.00,32.05
2291500.00,205.65
416200.00,50.75
436000.00,58.43
436000.00,58.43
350000.00,53.44
251800.00,31.00
296000.00,43.85
172000.00,26.30
995000.00,127.29
995000.00,127.29
462000.00,55.57
218500.00,31.93
460000.00,85.48
170000.00,18.16
230000.00,28.20
195000.00,21.32
263000.00,26.43
744000.00,84.05
678000.00,85.96
300000.00,1.93
830000.00,96.07
565000.00,80.66
458000.00,60.90
255000.00,28.36
340000.00,47.55
455000.00,49.30
305000.00,33.52
480700.00,53.44
1236100.00,98.66
405000.00,49.65
525758.00,78.95
580000.00,68.76
400000.00,53.92
560000.00,67.64
300000.00,56.79
965000.00,97.15
402000.00,40.07
370500.00,47.10
778000.00,85.83
989200.00,99.00
250000.00,29.41
772708.00,88.13
230000.00,32.27
171795.00,36.32
288430.00,41.68
163000.00,26.56
380000.00,44.29
170000.00,23.00
470000.00,66.14
190000.00,98.05
100000.00,25.02
281000.00,46.11
318000.00,44.20
203000.00,23.85
345000.00,60.78
296000.00,32.41
195000.00,31.00
310000.00,18.55
425000.00,54.39
514410.00,56.70
470000.00,67.69
395000.00,42.60
609800.00,104.02
222644.00,23.65
225000.00,34.00
528846.00,66.05
212950.00,23.00
1087550.00,117.56
1843650.00,131.25
169600.00,17.06
356850.00,40.81
540000.00,65.04
440000.00,65.43
808500.00,109.43
685000.00,71.97
566000.00,67.07
695000.00,77.98
432500.00,48.17
272000.00,24.56
280000.00,40.93
516700.00,44.50
250000.00,28.54
207000.00,31.04
450000.00,59.29
750000.00,78.31
590340.00,78.27
275000.00,29.58
238000.00,32.36
518800.00,68.03
232750.00,31.03
245000.00,25.52
320000.00,56.13
623000.00,66.00
410740.00,43.28
358000.00,41.09
68500.00,46.30
430000.00,63.63
283000.00,29.30
420000.00,43.80
436000.00,63.86
275000.00,29.32
370000.00,34.06
610000.00,86.62
320000.00,52.02
255000.00,34.92
510000.00,53.18
175000.00,30.53
273000.00,34.51
216190.00,21.40
409000.00,42.48
450000.00,51.00
380000.00,40.02
840000.00,103.64
330000.00,40.40
345000.00,47.02
350000.00,40.57
915000.00,83.12
296500.00,31.14
487000.00,47.10
642000.00,66.21
185000.00,30.74
650000.00,79.65
2000000.00,107.17
2000000.00,107.17
2000000.00,107.17
2000000.00,107.17
2000000.00,107.17
2000000.00,107.17
2000000.00,107.17
2000000.00,107.17
2000000.00,107.17
2000000.00,107.17
637500.00,66.56
1265000.00,120.06
187000.00,30.71
413000.00,48.03
208000.00,28.65
403600.00,73.04
450000.00,44.03
445000.00,49.02
721350.00,77.01
685000.00,87.08
810000.00,69.84
635000.00,78.10
635000.00,70.29
430000.00,50.06
365000.00,44.70
325000.00,34.79
343000.00,45.88
425000.00,51.60
900000.00,26.50
900000.00,65.02
449761.00,44.76
95000.00,15.46
356250.00,39.10
241875.00,25.07
258000.00,32.03
260000.00,35.08
490000.00,63.18
1315000.00,114.89
400000.00,41.55
225000.00,20.76
378000.00,82.86
260000.00,34.99
535000.00,60.98
255000.00,69.18
362000.00,38.27
540000.00,81.30
815000.00,80.89
175000.00,32.48
532460.00,57.26
668730.00,64.63
470000.00,78.30
225000.00,21.70
582000.00,61.94
195000.00,27.75
655000.00,66.64
195000.00,28.57
380000.00,72.79
732500.00,74.15
275000.00,29.13
532200.00,62.36
512077.00,77.78
1090000.00,86.00
670000.00,79.52
452000.00,65.33
249000.00,31.13
357190.00,41.59
445000.00,56.60
698000.00,57.76
1300000.00,133.17
442000.00,46.67
1369700.00,134.58
420000.00,39.06
230000.00,28.04
165000.00,20.33
590000.00,52.90
386000.00,48.35
680000.00,83.89
571000.00,65.80
838053.00,107.40
410000.00,33.88
342000.00,33.16
314500.00,32.22
806900.00,82.26
840000.00,79.27
300000.00,36.23
375000.00,43.53
1330000.00,112.85
325000.00,40.32
630000.00,68.87
422000.00,52.21
375000.00,44.93
846400.00,110.40
592345.00,64.74
118000.00,11.66
442500.00,52.20
911500.00,88.02
127500.00,27.61
525000.00,65.25
646000.00,62.42
543200.00,60.35
275000.00,35.35
152847.00,44.64
275000.00,29.05
515000.00,47.03
399000.00,46.18
520000.00,59.04
865000.00,92.56
655000.00,59.41
143500.00,13.80
600000.00,69.89
480000.00,42.46
356000.00,36.87
300000.00,40.20
870000.00,80.33
1380000.00,105.81
630000.00,67.16
717000.00,83.00
619700.00,52.97
620000.00,21.36
945000.00,101.27
600000.00,63.64
546000.00,54.30
340600.00,42.92
592000.00,70.28
175000.00,45.04
500000.00,60.20
562000.00,50.28
546500.00,62.02
1100000.00,118.78
668000.00,88.63
887700.00,99.20
470450.00,56.42
600000.00,50.47
340000.00,42.47
360000.00,39.37
480000.00,53.04
570000.00,61.48
436000.00,45.35
320200.00,33.75
219284.00,46.29
563200.00,51.75
1865000.00,151.60
230000.00,34.40
845000.00,101.70
513020.00,55.35
290000.00,33.50
798000.00,92.35
380000.00,38.80
700000.00,77.35
280200.00,33.12
300000.00,29.39
1625000.00,168.36
200000.00,30.20
430000.00,39.80
310000.00,30.72
220000.00,29.84
295000.00,30.16
935000.00,83.59
2195050.00,180.63
555000.00,56.26
265000.00,26.74
225000.00,22.62
208000.00,18.89
270000.00,43.55
235000.00,22.11
1000000.00,75.93
893600.00,22.31
893600.00,22.96
500000.00,45.09
587400.00,54.00
222000.00,25.65
340000.00,35.24
385000.00,41.23
282000.00,32.10
120000.00,12.33
533500.00,69.05
254000.00,27.59
398435.00,41.69
265000.00,30.25
178000.00,19.83
260000.00,25.84
180000.00,17.36
780000.00,72.38
250000.00,26.98
412000.00,45.04
445000.00,39.78
780000.00,85.29
535000.00,55.51
450000.00,56.05
606000.00,57.02
325400.00,30.18
410000.00,44.86
457000.00,47.10
400000.00,43.80
350350.00,38.71
288000.00,30.07
350400.00,31.80
1491950.00,140.43
1274693.00,147.80
292000.00,38.05
680000.00,61.21
625000.00,63.66
489400.00,44.38
156000.00,19.26
514150.00,55.14
442000.00,48.20
870000.00,103.98
700000.00,82.13
359200.00,49.70
450000.00,49.82
825000.00,69.86
330000.00,35.70
567400.00,69.20
294980.00,28.20
305000.00,31.65
190000.00,17.69
510321.00,57.44
460235.00,46.93
340000.00,34.40
155000.00,19.39
418105.00,40.37
250000.00,32.66
190000.00,28.89
261000.00,28.35
393020.00,45.21
607000.00,57.65
465000.00,41.48
735000.00,109.50
751400.00,74.51
740750.00,72.42
593000.00,69.20
198000.00,19.03
386000.00,31.01
1200000.00,118.44
192000.00,19.84
365000.00,48.30
579140.00,73.71
921500.00,94.56
240000.00,22.02
350000.00,55.93
509000.00,50.72
346000.00,36.11
288000.00,25.30
450000.00,48.11
821700.00,72.73
205000.00,34.48
495000.00,57.24
463800.00,48.49
199100.00,19.82
1181630.00,145.60
240000.00,68.71
820000.00,77.80
185368.00,24.62
345000.00,44.47
690000.00,67.24
280000.00,31.07
980000.00,86.50
4584921.00,31.50
575000.00,59.60
487300.00,48.76
257000.00,63.40
237000.00,30.02
416000.00,42.87
384000.00,42.66
445000.00,44.69
390840.00,41.83
462500.00,54.97
494000.00,49.59
220000.00,22.56
635000.00,58.14
395250.00,40.65
540400.00,57.93
620000.00,69.58
343000.00,39.58
680000.00,88.07
860000.00,84.10
280000.00,33.34
315000.00,32.00
1045700.00,113.01
420000.00,57.19
613960.00,61.03
300000.00,32.02
582000.00,61.70
212000.00,23.38
400000.00,42.62
645000.00,65.73
347000.00,34.06
240000.00,25.06
1172000.00,94.60
935000.00,100.06
270000.00,26.18
600000.00,53.00
330200.00,33.00
305000.00,38.87
390000.00,39.38
180000.00,17.50
719929.00,70.57
250000.00,30.62
564000.00,55.87
276000.00,27.20
352000.00,68.08
934000.00,73.90
75000.00,31.67
317307.00,28.78
850000.00,110.12
355000.00,34.75
730000.00,74.85
640000.00,80.91
336000.00,34.74
1140000.00,98.44
965000.00,109.12
52500.00,47.80
333750.00,30.46
745000.00,71.05
650000.00,68.25
800000.00,9.20
568000.00,47.40
861000.00,76.60
1319770.00,129.73
250000.00,26.55
598000.00,48.80
620000.00,59.76
549500.00,52.93
300000.00,33.26
404000.00,44.28
376000.00,37.62
580000.00,51.03
267875.00,26.39
712000.00,79.90
840000.00,83.63
497000.00,59.77
370000.00,43.20
228000.00,24.74
679000.00,64.41
797073.00,97.73
412700.00,45.44
714500.00,88.77
628800.00,58.90
340000.00,32.18
537305.00,51.83
390000.00,46.32
450000.00,50.75
515000.00,68.02
670000.00,70.36
1135000.00,99.27
508400.00,89.94
230000.00,25.50
330000.00,42.79
1090000.00,82.62
829370.00,101.11
180000.00,38.95
320000.00,32.26
410000.00,39.88
432000.00,50.85
781300.00,94.77
1091800.00,98.62
318000.00,30.90
600000.00,70.04
690050.00,61.48
1118131.00,87.10
540000.00,60.81
905900.00,79.81
1250000.00,124.01
216800.00,28.92
1783915.00,133.41
2320000.00,232.85
830000.00,67.29
1185000.00,96.50
990000.00,90.90
1618630.00,185.64
2000000.00,116.09
1023295.00,121.10
1710000.00,153.03
471698.00,49.30
425000.00,47.68
1800000.00,134.81
247000.00,25.60
205000.00,19.87
1080000.00,101.00
893280.00,80.40
947400.00,106.08
249000.00,35.23
3575000.00,167.00
400000.00,23.96
1640000.00,135.06
3550000.00,330.82
319000.00,28.30
225000.00,30.12
700000.00,79.76
320000.00,29.01
984600.00,81.83
370000.00,38.78
375000.00,37.91
2850000.00,163.04
185000.00,20.99
1060000.00,104.88
1468700.00,120.02
1664400.00,139.56
815000.00,79.75
1384800.00,139.46
870000.00,86.91
379200.00,40.35
515000.00,94.51
205000.00,45.68
920000.00,76.80
725000.00,60.22
2250000.00,145.53
2470000.00,194.89
850000.00,91.61
1525400.00,122.01
1105600.00,100.62
415000.00,40.82
552000.00,61.75
1140000.00,143.47
835000.00,88.51
2830000.00,281.04
384000.00,49.15
582000.00,60.60
743000.00,70.75
264000.00,48.49
245000.00,23.01
200000.00,22.57
1158000.00,93.55
539000.00,47.85
1135450.00,113.02
896200.00,76.42
700000.00,79.18
1048500.00,105.72
145600.00,16.68
530000.00,49.83
294500.00,25.09
1125500.00,89.93
3500000.00,233.37
1100000.00,102.21
740800.00,69.91
577766.00,93.50
4874685.00,29.05
390000.00,44.85
870000.00,72.16
276000.00,34.58
567000.00,51.69
570000.00,51.26
710000.00,75.00
260000.00,48.10
725000.00,58.08
1780000.00,151.17
1234116.00,107.56
1331800.00,121.30
600000.00,53.24
786800.00,65.11
695000.00,63.64
850000.00,100.52
717000.00,47.85
998000.00,86.51
815000.00,94.20
499000.00,55.20
695000.00,69.85
1820000.00,173.03
440000.00,57.48
495000.00,55.06
645000.00,72.01
607320.00,51.22
710000.00,79.81
652650.00,58.64
915000.00,103.79
456800.00,44.59
956260.00,84.80
326225.00,32.31
245000.00,47.83
412800.00,44.60
1332600.00,126.91
570000.00,61.00
1056000.00,121.01
266500.00,25.07
1500000.00,205.17
100000.00,35.00
1050000.00,77.84
395000.00,36.72
1144600.00,108.85
282000.00,38.93
2047000.00,191.03
337000.00,40.61
645000.00,68.35
460000.00,57.18
1355000.00,124.10
1305000.00,169.60
625000.00,41.06
1200000.00,101.41
685000.00,60.15
1100000.00,118.43
405000.00,43.58
405000.00,43.58
1230000.00,110.13
2058253.00,240.20
630500.00,64.55
1584000.00,116.45
1033900.00,91.07
771150.00,70.10
854000.00,108.72
828000.00,91.42
486000.00,49.08
327000.00,30.25
330000.00,34.49
980255.00,86.87
1185000.00,117.45
1480000.00,172.20
920000.00,72.38
605000.00,55.19
750000.00,76.50
1029000.00,86.47
780000.00,83.61
685000.00,8.31
375000.00,41.22
525000.00,56.13
916700.00,89.41
150000.00,22.44
440000.00,40.24
1340000.00,132.55
240000.00,19.26
2310825.00,172.16
817882.00,97.50
705000.00,96.71
515000.00,46.03
702000.00,73.64
800000.00,87.30
1180000.00,103.74
300000.00,37.15
635000.00,74.00
1390000.00,149.89
889300.00,81.30
578150.00,44.32
500000.00,46.44
1030320.00,84.27
710000.00,58.06
783020.00,60.31
1230000.00,128.96
5516500.00,367.96
900000.00,81.00
1560000.00,165.09
1410000.00,133.67
1353300.00,108.52
390000.00,55.37
698020.00,48.06
960000.00,106.52
1852225.00,24.00
1095000.00,76.44
1375000.00,127.25
420000.00,52.93
674000.00,71.34
797160.00,61.80
1100000.00,102.05
263500.00,34.83
1240000.00,104.11
958000.00,117.20
890000.00,73.04
300000.00,27.32
518150.00,54.89
845800.00,74.84
325630.00,39.89
595000.00,24.93
595000.00,24.68
470000.00,44.91
932000.00,96.42
1500000.00,161.30
2750000.00,241.20
637450.00,53.93
866500.00,67.02
900000.00,101.26
415000.00,44.78
1050000.00,123.49
1400000.00,134.06
740000.00,76.89
518000.00,52.64
565000.00,49.15
1195360.00,101.34
1018400.00,100.15
1170000.00,102.50
317307.70,41.71
270000.00,28.40
703000.00,87.60
654735.00,106.03
585000.00,57.90
800000.00,80.12
1168600.00,109.27
760000.00,57.36
478000.00,45.16
740000.00,59.93
450000.00,38.50
2266045.00,203.46
2230600.00,180.22
990000.00,138.00
1442166.00,148.55
1138000.00,103.87
319100.00,37.70
280000.00,26.47
233926.00,21.09
1708450.00,111.26
935000.00,102.37
545000.00,51.56
310000.00,58.70
2000000.00,285.33
680000.00,83.09
1270000.00,134.53
760000.00,74.85
575000.00,52.51
212000.00,23.20
1210000.00,100.62
780000.00,74.62
800000.00,90.30
1220400.00,103.02
1650000.00,171.11
1036100.00,98.15
510000.00,38.04
218000.00,22.03
437750.00,43.67
1045000.00,75.69
260000.00,28.03
832000.00,65.34
660000.00,80.02
1300000.00,131.05
1222000.00,120.35
2713000.00,234.30
2350000.00,184.66
325000.00,35.20
373000.00,41.75
1359223.00,111.72
1100000.00,124.07
1010000.00,113.90
673900.00,57.05
834000.00,86.67
929175.00,101.03
566500.00,60.50
1023000.00,89.45
1189000.00,108.01
403000.00,44.80
2814150.00,245.00
338500.00,42.01
1795740.00,151.71
2000000.00,171.62
900000.00,71.20
500000.00,85.54
516180.00,46.83
740000.00,32.34
1269150.00,123.66
750000.00,61.70
361000.00,47.42
1582250.00,119.08
218000.00,23.56
450000.00,42.95
1122000.00,91.29
1551000.00,120.03
1150000.00,74.33
564360.00,41.72
1130000.00,94.87
1238000.00,120.71
415150.00,45.88
2102950.00,164.07
1380000.00,138.41
1100000.00,115.34
2795000.00,190.82
1100000.00,103.77
221075.00,1.05
1200000.00,138.71
985000.00,112.75
840000.00,88.72
450000.00,52.06
1122500.00,101.69
1700000.00,214.54
1108800.00,116.61
460000.00,45.39
665600.00,67.22
1140330.00,112.00
1100000.00,73.29
199000.00,18.21
335000.00,33.70
800000.00,64.38
1151000.00,108.75
930000.00,95.78
688000.00,46.37
395000.00,29.18
567100.00,61.19
266000.00,28.85
710900.00,75.44
600000.00,67.60
1000000.00,67.57
394000.00,41.71
2500000.00,166.31
1284800.00,112.01
558000.00,50.93
2033565.00,173.81
880000.00,79.73
237800.00,21.26
1130690.00,111.63
480000.00,40.75
400000.00,89.10
1545700.00,123.03
785000.00,103.21
358100.00,36.24
910000.00,63.52
1571400.00,125.25
1573600.00,121.80
2384500.00,211.95
1814750.00,138.80
685340.00,66.40
646000.00,75.00
3046140.00,35.10
627000.00,57.00
1150000.00,110.97
2320000.00,216.67
336000.00,31.54
2174820.00,232.51
1280000.00,104.06
442750.00,38.52
1160000.00,140.50
667475.00,61.15
1385000.00,125.08
1019512.00,94.09
200000.00,20.24
1385000.00,127.09
287280.00,56.55
675000.00,121.00
955000.00,97.31
280000.00,33.93
597800.00,68.32
630000.00,74.33
2292900.00,183.70
470000.00,43.10
2650000.00,240.90
187000.00,14.19
970000.00,126.79
1060500.00,106.62
277000.00,13.32
878000.00,110.32
1925000.00,216.10
1360000.00,91.02
1725600.00,170.36
2800000.00,248.69
496370.00,41.20
243000.00,24.89
290000.00,18.05
1070000.00,113.40
464550.00,36.45
563000.00,53.30
2478640.00,232.19
2410000.00,140.25
2951100.00,247.06
805000.00,62.52
693500.00,76.05
433000.00,40.15
1340000.00,121.34
1011790.00,95.55
528846.10,51.68
280000.00,27.97
765000.00,73.42
313000.00,21.10
390000.00,49.11
245000.00,24.47
320000.00,44.50
660000.00,74.51
2050000.00,218.12
540000.00,55.34
1158400.00,112.60
550000.00,50.50
1100000.00,120.53
1720000.00,125.05
490000.00,52.53
515000.00,57.44
724500.00,70.49
478400.00,53.86
9642000.00,12.90
1904950.00,157.46
1080000.00,102.28
468360.00,35.37
460000.00,47.53
1848000.00,141.80
858924.00,91.80
1005000.00,106.07
649900.00,78.80
2513000.00,221.15
660000.00,66.34
189500.00,23.68
922000.00,20.25
1515000.00,118.41
1393900.00,109.26
2367100.00,180.79
346970.00,32.69
1110800.00,97.26
2430000.00,225.25
650000.00,62.59
1100000.00,79.30
600000.00,56.46
420000.00,37.66
290000.00,28.53
397700.00,40.46
510000.00,9.38
720000.00,64.47
690000.00,68.27
1089000.00,92.51
360700.00,41.06
480000.00,41.03
520000.00,54.05
621100.00,69.54
1674900.00,102.67
1380000.00,118.07
1180000.00,109.82
815000.00,93.00
245000.00,22.52
432280.00,37.90
859500.00,89.00
1500000.00,132.30
500000.00,53.00
2600000.00,287.06
1592450.00,131.21
3276000.00,235.39
317000.00,30.40
1394300.00,121.82
1242750.00,139.89
742300.00,80.65
1503500.00,134.27
752200.00,72.03
2096900.00,174.53
1302000.00,118.10
1789100.00,125.05
865000.00,99.04
3400000.00,9.18
1262000.00,112.05
530010.00,41.48
1581350.00,137.16
607000.00,65.54
1240000.00,93.84
1260000.00,90.02
482420.00,38.59
1050000.00,91.10
900000.00,61.79
250000.00,28.75
382000.00,35.31
850000.00,82.53
398209.00,35.30
750000.00,98.25
185000.00,22.81
885000.00,87.40
197600.00,21.62
782250.00,79.55
958000.00,123.00
1000000.00,98.36
1444000.00,134.18
629725.00,55.57
1375500.00,131.85
360000.00,36.83
187000.00,27.71
365000.00,41.02
307000.00,37.44
148000.00,20.06
570000.00,74.89
450000.00,59.12
1285000.00,133.62
500000.00,55.15
940000.00,105.98
722100.00,60.07
1391500.00,127.79
184000.00,22.10
220000.00,18.13
1630700.00,139.20
1953000.00,228.81
1035000.00,107.19
431660.25,47.83
921500.00,89.26
853200.00,99.49
570000.00,56.67
450000.00,42.02
315000.00,39.65
271900.00,32.20
2040000.00,208.05
1260450.00,132.95
440000.00,57.30
326272.00,43.20
1400000.00,136.21
300000.00,40.06
1187850.00,108.16
619285.00,52.60
605000.00,65.10
1045000.00,89.71
294500.00,33.29
2488200.00,185.04
830000.00,77.12
180000.00,26.65
515000.00,45.54
380000.00,18.80
303000.00,41.81
1529900.00,99.96
1275000.00,182.61
890000.00,99.35
970000.00,98.63
262800.00,36.55
566000.00,52.90
680000.00,65.60
194275.00,21.80
605000.00,70.39
510000.00,58.49
430500.00,39.54
1130500.00,88.03
340000.00,38.11
405000.00,54.95
1479350.00,119.08
827200.00,70.26
394000.00,49.25
585500.00,43.43
150000.00,9.97
190579.00,63.90
435000.00,42.10
536000.00,56.97
546000.00,45.06
554580.00,89.51
960000.00,99.81
595000.00,56.11
210000.00,19.11
2945271.00,244.86
585000.00,57.06
650000.00,58.04
1040000.00,104.58
207700.00,24.43
235000.00,25.76
290000.00,32.87
139000.00,14.62
1750000.00,113.46
260250.00,29.34
427200.00,43.23
786500.00,66.63
298000.00,33.10
330550.00,29.69
600000.00,67.07
806960.00,29.69
364000.00,50.37
232380.95,27.13
287500.00,68.36
785000.00,72.55
181920.00,46.67
557693.00,58.89
392000.00,37.60
450000.00,53.75
390000.00,8.53
400000.00,40.13
525900.00,53.10
245000.00,25.85
375000.00,49.52
208750.00,20.89
871150.00,86.29
389000.00,44.21
1864300.00,147.99
195000.00,21.65
540000.00,14.07
575100.00,66.04
300000.00,56.04
1928600.00,194.11
1394300.00,105.78
415000.00,43.09
750000.00,84.70
540000.00,64.21
418000.00,38.43
1174860.00,115.07
411000.00,63.94
583000.00,63.67
880000.00,92.67
302970.00,27.06
375000.00,34.03
942000.00,99.35
50000.00,4.68
480000.00,45.82
880000.00,75.53
1100000.00,109.02
394500.00,40.04
2950200.00,175.87
530000.00,54.69
185000.00,23.46
320000.00,33.60
1530460.00,146.03
236000.00,22.63
650000.00,60.01
445000.00,44.83
438000.00,58.52
380000.00,60.63
480000.00,49.24
425000.00,47.01
525000.00,63.62
455325.00,42.11
315480.00,36.06
207500.00,25.30
285000.00,28.44
1213593.00,156.20
400000.00,50.04
181000.00,17.56
210000.00,27.88
1212600.00,106.62
2385000.00,144.44
799100.00,73.04
1245000.00,99.23
712000.00,73.57
1132500.00,105.00
580000.00,58.59
1699000.00,169.60
190000.00,25.78
639550.00,61.37
530200.00,49.01
670000.00,59.37
390000.00,39.49
439500.00,43.65
513060.00,52.89
1067000.00,89.49
1055000.00,95.83
380000.00,40.87
450000.00,49.00
790000.00,73.44
597000.00,57.59
1085000.00,115.49
1450215.00,134.96
586000.00,54.77
1000000.00,87.64
543400.00,48.26
600000.00,81.30
955100.00,83.18
1414193.00,167.50
612000.00,51.16
737500.00,65.91
736562.00,73.07
395000.00,42.32
160000.00,23.95
400000.00,41.75
950000.00,97.34
1093000.00,90.14
1276740.00,79.24
570000.00,51.42
475100.00,52.40
398015.00,40.09
621250.00,57.02
671921.00,58.09
510000.00,54.08
312000.00,28.47
1520000.00,150.21
330000.00,31.23
135000.00,23.95
444000.00,40.94
1029480.00,93.68
598000.00,55.70
598000.00,55.70
434000.00,55.67
560050.00,55.70
500000.00,66.82
702000.00,67.03
752000.00,80.00
465000.00,43.15
1021500.00,80.11
460000.00,59.50
380000.00,40.83
478750.00,41.59
459500.00,50.90
575000.00,51.95
440000.00,37.00
694852.00,64.66
244500.00,19.98
160000.00,15.79
177000.00,20.07
185000.00,21.01
571200.00,53.12
573450.00,47.81
2300000.00,307.20
1132709.00,110.29
1092500.00,106.03
260000.00,41.42
1278700.00,115.56
375000.00,36.88
353000.00,36.80
617000.00,56.31
315250.00,30.05
1035700.00,112.81
560000.00,55.71
1300000.00,124.23
2700000.00,174.44
474000.00,41.80
210000.00,60.02
235000.00,25.11
822765.00,77.30
1640000.00,126.89
1320000.00,113.70
900000.00,104.91
905000.00,87.70
294700.00,35.57
410020.00,44.43
435000.00,53.82
800000.00,142.46
435000.00,46.37
325500.00,32.33
315000.00,32.09
730000.00,69.76
416000.00,42.20
645000.00,55.89
1110000.00,80.97
425000.00,35.13
1075000.00,101.70
375000.00,37.97
792000.00,72.44
619500.00,59.12
307000.00,44.34
597200.00,51.43
587500.00,55.32
277000.00,30.45
294300.00,32.01
160000.00,17.34
304020.00,33.78
312480.00,34.72
289170.00,32.13
177500.00,42.69
3369400.00,299.31
502790.00,48.41
320000.00,33.73
455000.00,49.86
470000.00,52.70
225000.00,23.05
967350.00,100.01
578350.00,56.11
465750.00,49.00
485000.00,69.91
1349217.00,83.06
1280000.00,123.95
428500.00,46.09
408600.00,44.68
987841.00,90.21
451500.00,46.87
1015000.00,77.80
334650.00,36.80
3676250.00,317.05
255000.00,24.02
595000.00,58.01
270000.00,30.31
394000.00,47.78
1040000.00,109.05
1040000.00,118.30
710000.00,97.19
600000.00,54.50
1426300.00,120.35
1000000.00,104.85
615000.00,67.15
2700000.00,37.60
2700000.00,63.40
2700000.00,37.40
2700000.00,23.80
2700000.00,38.60
2700000.00,48.60
502650.00,51.85
1545000.00,145.82
652000.00,57.99
534864.00,54.77
610000.00,57.21
430000.00,38.35
440000.00,40.20
395000.00,42.67
280000.00,51.19
595800.00,72.03
400000.00,37.50
1130000.00,94.60
1780000.00,9.37
55000.00,25.64
55000.00,25.64
173000.00,31.45
709500.00,65.98
228000.00,23.75
665000.00,66.95
135000.00,13.53
1895000.00,4.59
570000.00,61.66
252631.50,28.48
1550000.00,1.00
1260290.00,98.53
233225.00,50.60
530000.00,66.20
170000.00,40.78
1020000.00,87.83
579000.00,52.27
2434903.00,223.22
757600.00,73.40
721100.00,59.95
882000.00,96.38
1000000.00,101.54
1560000.00,140.04
201000.00,19.35
140000.00,18.53
393000.00,48.02
1000000.00,98.01
324360.00,36.01
468000.00,49.81
620000.00,62.79
460000.00,56.42
711300.00,63.04
598600.00,87.23
1570000.00,143.94
1441325.00,103.48
1007450.00,86.00
447307.00,51.36
906000.00,89.63
600000.00,66.46
661000.00,64.16
405655.00,47.47
383000.00,38.82
425980.00,39.93
88000.00,12.77
1012200.00,83.92
1490000.00,170.70
335000.00,39.45
845000.00,79.93
800000.00,69.06
930000.00,67.02
645000.00,56.84
1057000.00,99.24
485000.00,40.60
350000.00,38.06
815000.00,81.29
278500.00,28.55
1090000.00,97.72
575000.00,51.56
550000.00,49.83
657000.00,67.37
460000.00,47.26
265000.00,27.44
290000.00,27.06
125000.00,12.20
1100000.00,108.51
465000.00,50.34
215000.00,20.95
685000.00,54.04
285000.00,50.21
170000.00,33.22
345000.00,33.03
570000.00,50.93
1525650.00,132.68
1233150.00,120.12
544550.00,45.72
252000.00,28.72
375000.00,41.87
1458000.00,134.86
458600.00,57.00
350474.00,46.68
490000.00,47.77
862600.00,85.00
356000.00,40.85
430000.00,43.36
548000.00,53.05
652000.00,55.12
843050.00,74.14
398000.00,40.35
168000.00,16.20
370000.00,40.66
439100.00,38.51
510000.00,47.30
190000.00,24.09
835000.00,77.97
240800.00,27.02
2682500.00,250.52
380000.00,38.18
380000.00,50.70
566000.00,56.07
120000.00,13.20
800000.00,87.77
464000.00,47.25
1499000.00,113.13
223960.00,22.30
246000.00,24.05
640000.00,62.34
590000.00,64.46
650450.00,68.40
285500.00,27.95
2680400.00,218.34
510000.00,60.06
400000.00,43.16
290000.00,32.04
483150.00,53.70
315000.00,29.66
215000.00,20.05
385000.00,44.48
647700.00,66.82
190000.00,22.75
535000.00,62.72
922650.00,80.60
1141250.00,86.47
710000.00,71.66
630000.00,71.88
1380000.00,106.35
808700.00,71.65
1800000.00,157.25
539950.00,55.73
367000.00,40.29
526850.00,61.62
787600.00,66.07
362000.00,41.77
275000.00,27.66
482291.78,50.65
903000.00,86.00
725000.00,75.33
1420000.00,135.31
450000.00,37.12
520000.00,65.72
814830.00,67.06
558600.00,53.71
695300.00,56.09
1463000.00,140.24
625000.00,61.13
240000.00,34.40
329500.00,33.60
665000.00,66.40
395000.00,39.85
355000.00,31.78
1491400.00,166.63
965000.00,71.40
165000.00,18.06
420700.00,20.00
550000.00,56.81
380000.00,42.01
460000.00,45.68
172000.00,13.35
280000.00,34.03
468000.00,44.01
893800.00,90.07
700000.00,79.02
162000.00,20.16
519250.00,46.32
206200.00,20.00
265000.00,31.60
991240.00,85.43
1610000.00,128.01
1300000.00,154.57
360000.00,40.65
447500.00,43.03
599000.00,58.40
193849.75,30.45
280000.00,43.10
268000.00,51.48
178500.00,73.45
130000.00,17.00
420600.00,48.05
114000.00,17.42
407000.00,44.99
320000.00,36.29
580000.00,10.25
566000.00,70.36
173000.00,14.33
665000.00,72.44
241000.00,33.39
443000.00,45.88
226000.00,34.32
720000.00,89.27
750000.00,78.40
250000.00,38.89
737150.00,86.42
167500.00,17.33
490000.00,50.24
595000.00,62.49
355500.00,37.98
570000.00,66.89
467600.00,65.96
292500.00,50.30
385000.00,52.03
419000.00,39.51
412000.00,45.30
716000.00,83.06
400000.00,57.37
170000.00,23.40
508000.00,53.88
435000.00,53.19
356500.00,30.89
190000.00,28.81
446921.00,80.67
655000.00,71.26
267000.00,28.47
305000.00,31.44
397450.00,46.02
238000.00,28.92
325000.00,26.05
366000.00,39.51
135000.00,19.51
235000.00,34.02
224700.00,27.08
475000.00,60.14
280000.00,33.02
646000.00,56.63
206000.00,26.58
375000.00,50.63
1200000.00,104.24
605400.00,70.28
162000.00,26.22
295000.00,32.90
252000.00,28.07
265400.00,33.01
776000.00,74.88
150000.00,25.92
427750.00,54.12
340000.00,65.41
210000.00,25.65
569000.00,52.93
366700.00,35.46
180000.00,23.86
245000.00,34.63
300000.00,36.75
65000.00,13.56
219605.00,27.75
279000.00,39.04
530000.00,50.48
480000.00,63.10
760000.00,121.17
365000.00,45.63
785000.00,93.51
338000.00,47.81
90000.00,15.68
350000.00,30.19
155000.00,16.75
225000.00,31.48
915000.00,95.69
295000.00,38.04
482000.00,51.62
269500.00,34.14
202714.00,28.48
205000.00,26.32
210000.00,30.06
290000.00,36.05
207300.00,25.74
260000.00,38.59
550000.00,11.61
226000.00,39.78
290000.00,37.73
255000.00,28.74
205000.00,25.37
695000.00,64.36
695000.00,64.36
1000000.00,102.45
280000.00,39.50
278000.00,31.68
233000.00,31.20
840000.00,107.12
204000.00,28.85
150000.00,20.29
120800.00,52.51
340000.00,32.88
617400.00,59.87
290000.00,34.69
403830.00,41.51
420000.00,53.75
288500.00,35.57
500000.00,56.67
564500.00,62.85
610000.00,58.82
256000.00,32.08
338020.00,51.44
310900.00,30.15
490000.00,53.03
1200000.00,123.64
830550.00,94.09
665450.00,63.03
148000.00,22.90
425000.00,46.26
253970.00,28.13
550000.00,68.60
500000.00,63.05
576923.00,57.55
590000.00,60.77
183040.00,43.06
372000.00,45.63
430000.00,51.59
135000.00,24.80
240000.00,34.39
616850.00,66.78
540000.00,60.46
250000.00,52.36
203000.00,9.72
700000.00,75.07
310000.00,28.93
242345.00,29.16
142230.00,18.67
1020000.00,88.30
325000.00,44.75
660000.00,80.40
374000.00,89.80
472500.00,43.51
623000.00,56.76
447000.00,52.63
240000.00,37.30
585000.00,62.20
700000.00,65.65
245000.00,33.43
210000.00,31.80
485000.00,44.38
125000.00,17.57
219000.00,27.96
654350.00,59.50
530000.00,69.07
550000.00,53.10
307000.00,39.37
315000.00,38.42
550000.00,48.83
355000.00,42.98
560000.00,52.33
262000.00,35.84
360000.00,39.23
499200.00,55.30
455000.00,53.77
325000.00,37.39
225000.00,24.29
240000.00,27.50
635000.00,77.29
272000.00,31.85
390000.00,41.08
286000.00,46.21
317300.00,34.23
100000.00,12.38
225000.00,26.15
165000.00,24.13
375000.00,38.02
248500.00,27.73
237300.00,29.45
840000.00,81.70
252500.00,32.79
399000.00,50.14
490000.00,49.90
195000.00,14.00
386000.00,45.30
415000.00,72.56
570000.00,55.39
245000.00,25.58
822000.00,61.51
245000.00,36.75
399038.00,39.75
151700.00,50.07
609000.00,55.40
370500.00,42.75
250850.00,31.54
462000.00,49.22
389000.00,39.01
170000.00,25.20
350000.00,67.51
340000.00,31.17
290000.00,23.80
468000.00,55.13
420000.00,41.38
475000.00,74.28
155000.00,17.02
105000.00,20.33
500000.00,47.93
192000.00,27.29
248000.00,24.71
1130500.00,92.15
127500.00,62.77
700000.00,70.36
283000.00,27.56
300000.00,39.82
454500.00,50.99
1143000.00,8.00
460000.00,49.60
272500.00,44.64
429420.00,51.35
437500.00,50.72
567450.00,54.22
553450.00,53.76
409000.00,48.75
350000.00,39.58
265000.00,32.25
255000.00,33.03
365000.00,61.23
445000.00,51.44
606550.00,76.02
500000.00,59.00
486000.00,58.22
922000.00,91.90
222000.00,26.05
655000.00,76.19
640000.00,63.88
863000.00,139.84
487500.00,53.53
375568.00,5.43
445620.00,59.18
1255727.00,94.64
306500.00,35.79
780000.00,81.88
475000.00,57.55
730000.00,92.90
300070.00,34.86
145000.00,24.80
300000.00,42.02
298500.00,36.65
320000.00,47.83
1015000.00,97.08
712500.00,81.02
185000.00,25.39
383000.00,46.63
219000.00,33.65
420000.00,47.47
653000.00,63.86
575700.00,92.34
553400.00,52.70
68500.00,11.54
790357.00,73.09
800000.00,82.80
545000.00,62.51
217000.00,28.33
400000.00,44.95
325000.00,35.99
800000.00,81.88
310000.00,30.78
475000.00,64.62
458300.00,42.43
650000.00,103.56
288000.00,39.04
438250.00,39.35
409000.00,47.01
395000.00,38.00
175000.00,17.68
180000.00,17.70
241000.00,32.50
630200.00,92.68
211000.00,29.19
665000.00,69.79
145000.00,31.24
640000.00,68.00
190000.00,26.58
130000.00,14.22
248000.00,27.50
575000.00,68.03
226600.00,28.19
222500.00,55.86
70000.00,21.05
590000.00,67.26
235000.00,34.61
730000.00,74.88
475000.00,57.55
588800.00,64.93
365000.00,52.62
245000.00,24.39
280000.00,40.74
738000.00,86.30
240000.00,27.67
627000.00,78.79
186000.00,23.52
2000000.00,120.41
530000.00,67.73
505000.00,47.01
287780.00,30.09
250000.00,37.00
638000.00,66.45
420000.00,45.61
990000.00,98.00
146000.00,21.85
233000.00,28.28
706500.00,67.35
420000.00,48.15
350000.00,30.35
252000.00,26.92
215000.00,28.45
278170.00,40.39
260000.00,39.21
305000.00,36.17
210000.00,28.45
290000.00,28.90
811450.00,76.02
123000.00,14.64
5500000.00,269.32
359100.00,47.31
656500.00,65.07
493000.00,51.87
339200.00,42.95
1028200.00,91.74
525000.00,52.60
188500.00,29.21
175000.00,27.33
411150.00,45.44
644500.00,79.78
287000.00,33.07
120000.00,17.87
630000.00,67.80
395000.00,38.20
297000.00,36.10
602000.00,53.91
262000.00,22.68
534100.00,61.79
495000.00,41.20
640000.00,64.60
446821.00,57.76
1030500.00,87.53
675000.00,89.84
770000.00,69.42
404000.00,36.14
458000.00,47.01
910000.00,70.83
822000.00,70.56
687500.00,70.88
460000.00,47.52
345000.00,35.69
315000.00,33.74
190000.00,29.35
171000.00,22.38
326500.00,42.65
690000.00,76.32
725000.00,80.16
206975.00,20.09
378240.00,40.09
29700.00,16.65
375000.00,53.10
985000.00,97.23
393000.00,45.91
547200.00,61.81
420000.00,52.54
266000.00,38.13
395000.00,44.02
388000.00,51.66
400000.00,38.49
1392000.00,9.00
455000.00,60.27
130000.00,18.23
310000.00,32.95
225000.00,35.00
225000.00,38.79
555000.00,52.70
570000.00,65.83
420000.00,39.57
350000.00,42.38
507500.00,65.40
420000.00,58.69
395300.00,36.14
207500.00,31.16
450000.00,65.11
203000.00,28.05
145000.00,13.88
399523.00,53.04
400000.00,38.73
399500.00,37.73
335000.00,32.39
480000.00,54.33
465000.00,57.95
440000.00,56.63
230300.00,25.94
247000.00,25.92
298000.00,37.88
275000.00,33.56
410900.00,44.70
500000.00,67.75
655000.00,68.91
260000.00,32.95
122500.00,16.82
422000.00,48.60
520000.00,55.04
419000.00,45.73
435000.00,76.05
970200.00,9.07
240000.00,31.05
193000.00,28.31
210000.00,20.30
482200.00,46.52
243000.00,27.80
173000.00,18.62
405000.00,45.42
705000.00,77.17
300000.00,32.12
219048.00,27.24
353600.00,36.05
255000.00,41.98
325000.00,47.97
315000.00,41.75
647619.00,94.60
292650.00,26.06
693900.00,77.40
383500.00,50.05
834300.00,92.16
214000.00,23.85
280000.00,34.56
402000.00,46.84
388000.00,36.88
325000.00,26.13
670000.00,76.02
260000.00,29.11
230000.00,37.61
480000.00,46.68
592500.00,65.25
228842.00,24.41
162000.00,26.75
465000.00,58.40
107000.00,12.02
300000.00,32.55
355927.00,35.64
815300.00,87.73
472450.00,43.50
545000.00,54.01
741350.00,75.50
360000.00,37.83
600000.00,57.22
540000.00,66.91
660000.00,66.31
500000.00,61.99
300000.00,26.89
500000.00,46.58
267900.00,32.25
438000.00,60.83
441000.00,54.04
115000.00,15.20
390000.00,36.25
575000.00,50.70
385000.00,42.35
238000.00,20.78
406000.00,40.35
725000.00,113.13
248000.00,27.01
650000.00,65.39
283500.00,35.10
986800.00,57.00
658500.00,83.28
250000.00,24.92
670000.00,81.33
197290.00,15.04
125000.00,15.75
726500.00,64.82
310000.00,37.73
184000.00,24.75
475000.00,30.90
367925.00,44.00
209000.00,28.52
275000.00,31.61
420000.00,49.40
365000.00,17.50
292000.00,37.60
297000.00,28.50
400000.00,35.64
549280.00,55.55
309500.00,28.26
400000.00,49.89
314000.00,31.60
232500.00,25.32
940300.00,89.88
428460.00,60.08
370000.00,40.16
275000.00,31.03
189000.00,24.51
270000.00,39.03
361120.00,32.97
265000.00,38.68
196810.00,20.72
450000.00,43.01
260000.00,27.81
437000.00,42.28
594800.00,60.70
350000.00,46.73
494242.00,67.71
440000.00,43.79
495000.00,50.05
500000.00,97.72
200000.00,25.38
755400.00,74.21
419000.00,28.77
305000.00,44.18
1175000.00,99.49
251480.00,29.06
357000.00,39.80
435000.00,40.51
239000.00,36.57
646300.00,53.15
750000.00,77.63
355000.00,42.40
554000.00,51.82
221000.00,29.44
320000.00,36.32
420000.00,44.52
426000.00,45.55
830000.00,64.96
220000.00,27.71
600000.00,67.25
240000.00,15.75
197500.00,39.85
241500.00,30.71
400000.00,39.03
126000.00,61.42
280000.00,30.96
315000.00,42.07
855000.00,84.26
555000.00,72.68
771450.00,77.81
490000.00,40.30
332500.00,38.46
627000.00,61.58
294000.00,39.58
350476.00,8.82
475000.00,68.12
183480.00,49.74
300000.00,46.73
339250.00,32.21
268000.00,27.30
417600.00,38.79
155000.00,26.30
535000.00,54.61
642500.00,62.10
1614000.00,136.44
315650.00,40.73
327000.00,45.79
740000.00,99.03
300000.00,35.16
288000.00,31.99
127000.00,17.92
255000.00,28.24
588000.00,66.67
215000.00,24.54
545000.00,71.42
391000.00,35.03
337250.00,40.79
197750.00,26.06
200000.00,32.30
355000.00,36.49
460000.00,42.66
848900.00,78.86
1020000.00,104.15
140000.00,17.88
620000.00,75.20
335000.00,31.81
210000.00,26.02
257000.00,27.55
375000.00,35.62
310000.00,36.73
140000.00,28.65
575000.00,59.92
1058000.00,89.50
724600.00,73.66
350000.00,47.15
386000.00,46.05
375010.00,65.60
268900.00,31.77
440000.00,51.71
1360000.00,110.69
345000.00,44.02
172000.00,22.87
305000.00,33.03
449150.00,41.20
435000.00,48.04
185000.00,24.00
745000.00,78.16
386000.00,47.05
185000.00,22.30
290189.00,43.54
1139400.00,90.30
427000.00,40.66
650000.00,70.63
370000.00,32.47
250000.00,32.10
283000.00,33.10
410000.00,48.38
155000.00,14.75
255000.00,28.79
140000.00,21.84
310000.00,40.33
256000.00,24.56
580000.00,56.43
515000.00,74.06
628880.00,50.97
1620000.00,180.08
159000.00,20.00
384900.00,33.08
560000.00,88.18
230000.00,20.81
735000.00,106.45
246500.00,23.33
290000.00,30.61
1150000.00,111.42
335250.00,40.51
499850.00,47.02
715000.00,68.62
300000.00,43.80
1386400.00,95.06
299000.00,35.68
417000.00,48.04
591500.00,58.93
350000.00,52.03
98000.00,10.81
689900.00,90.52
892000.00,101.94
202000.00,27.87
400000.00,48.74
220000.00,31.33
370000.00,71.04
307500.00,49.05
720000.00,86.50
230000.00,31.23
610000.00,81.14
250000.00,32.92
667000.00,88.60
450000.00,64.55
691750.00,83.09
318000.00,44.09
514000.00,71.03
426000.00,53.76
232750.00,31.11
400000.00,63.85
234000.00,34.20
230000.00,27.90
406700.00,48.35
280000.00,39.82
340000.00,55.91
215000.00,26.82
250000.00,51.32
620000.00,73.90
271429.00,33.93
425000.00,45.67
580000.00,66.33
212000.00,33.10
461900.00,50.58
420000.00,44.57
368000.00,43.03
220000.00,31.02
408800.00,62.10
230000.00,45.44
972500.00,95.19
306000.00,33.85
510000.00,60.50
460000.00,55.17
425540.00,43.68
60000.00,11.38
610000.00,69.37
285000.00,22.11
316714.00,44.90
804000.00,96.38
435000.00,79.52
295000.00,45.91
391280.00,61.01
375525.00,39.84
425000.00,46.45
613000.00,94.82
405000.00,77.43
570000.00,90.02
139000.00,17.99
188000.00,29.47
240000.00,27.05
466825.00,53.58
430000.00,51.32
335000.00,44.44
420000.00,46.91
810000.00,86.36
567000.00,70.80
205000.00,31.88
615500.00,71.45
479000.00,64.49
550000.00,81.60
770000.00,94.04
455000.00,63.14
465000.00,71.02
557000.00,72.29
230000.00,23.93
710000.00,83.42
710000.00,87.87
30000.00,74.25
290000.00,36.35
790000.00,110.94
330000.00,42.04
590000.00,70.60
266000.00,42.26
263000.00,37.50
228000.00,34.83
634430.00,70.01
373000.00,68.74
395000.00,49.59
225000.00,29.77
203000.00,28.17
120000.00,19.21
220000.00,30.45
295000.00,44.74
750000.00,91.55
399240.00,44.31
295000.00,36.99
365000.00,44.37
450000.00,63.50
330198.00,46.28
395000.00,40.85
835000.00,102.13
190000.00,26.55
275000.00,36.96
520000.00,83.94
383600.00,49.50
400000.00,45.55
489215.00,81.69
228000.00,34.29
640000.00,82.25
240000.00,34.03
180000.00,43.72
514000.00,86.55
313500.00,41.76
495000.00,55.35
451500.00,51.03
372000.00,60.39
370000.00,22.65
137000.00,16.06
245000.00,27.03
750000.00,42.08
232000.00,43.42
875000.00,95.11
520000.00,62.46
395000.00,69.36
253430.00,50.56
630000.00,85.82
129500.00,22.71
390400.00,52.01
325000.00,41.10
85500.00,14.82
182000.00,17.09
282000.00,63.37
605700.00,67.16
610000.00,76.77
366000.00,53.79
520000.00,67.02
319500.00,36.21
215000.00,27.08
341000.00,43.05
214000.00,34.81
262000.00,27.26
330000.00,47.28
120000.00,15.27
750000.00,82.07
236000.00,27.57
1227304.00,100.26
750000.00,92.68
765000.00,80.62
360000.00,48.18
230000.00,46.38
323000.00,48.62
370000.00,43.22
450000.00,63.37
230000.00,32.09
350000.00,79.72
392000.00,51.19
450200.00,50.55
355000.00,51.00
280000.00,52.30
774000.00,88.31
354000.00,43.95
647619.06,78.65
704000.00,80.19
780000.00,93.49
630000.00,74.18
240000.00,25.96
610000.00,65.74
463000.00,61.77
630000.00,71.44
227000.00,29.95
277640.00,31.09
302000.00,38.26
333000.00,43.78
476000.00,61.95
330000.00,37.04
500000.00,1.23
262000.00,24.03
368351.00,54.63
161000.00,14.52
207000.00,34.17
258794.00,31.35
180000.00,60.38
424000.00,46.32
510000.00,64.18
371500.00,37.22
342400.00,38.23
317850.00,35.36
137682.60,59.35
280000.00,41.67
485000.00,48.47
214000.00,30.35
275000.00,51.23
454000.00,58.21
308000.00,35.79
595000.00,77.16
916000.00,97.59
670000.00,89.05
512000.00,74.57
440000.00,49.50
375000.00,48.21
318000.00,69.60
220000.00,27.26
600000.00,80.71
780770.00,78.28
392625.00,68.58
388000.00,52.69
298000.00,35.48
319800.00,30.95
196500.00,22.91
242000.00,24.90
263000.00,28.97
700100.00,106.30
145000.00,20.06
380000.00,40.19
152000.00,16.67
212000.00,26.58
237000.00,35.60
195000.00,24.00
393800.00,52.16
537100.00,57.68
165000.00,17.05
250000.00,38.72
283000.00,31.54
744500.00,93.13
240000.00,33.64
422000.00,50.00
283000.00,33.94
365000.00,54.47
159220.00,20.50
611500.00,73.81
155000.00,23.06
279000.00,31.09
725000.00,90.79
418000.00,66.47
520650.00,56.95
645000.00,11.86
160000.00,26.22
645560.00,86.12
155000.00,18.85
630000.00,86.28
866350.00,111.78
212500.00,35.60
270000.00,45.79
220000.00,25.55
815000.00,85.01
280000.00,44.99
405000.00,76.14
487650.00,58.40
430000.00,68.07
360000.00,40.80
415000.00,67.00
216350.00,23.62
536000.00,64.19
243300.00,24.26
258000.00,46.38
150000.00,28.00
360000.00,44.07
585000.00,64.81
345000.00,49.35
396140.00,51.60
578500.00,76.87
179000.00,23.49
387000.00,57.35
227010.00,29.07
315000.00,56.91
473000.00,72.14
293500.00,33.35
390000.00,46.13
389000.00,47.24
721060.00,80.12
225000.00,30.83
721000.00,83.21
341930.00,36.53
257600.00,28.06
163189.00,47.22
800000.00,103.06
185000.00,20.70
230000.00,30.78
485000.00,68.66
325000.00,43.05
510000.00,63.74
375000.00,56.63
520000.00,66.23
242000.00,25.76
225000.00,24.11
270000.00,38.07
900000.00,83.51
646500.00,75.40
215250.00,27.64
256000.00,29.76
235000.00,23.38
385000.00,34.28
551000.00,58.76
425000.00,74.28
496290.00,75.75
307000.00,30.10
185000.00,24.23
136000.00,21.52
598350.00,64.35
895000.00,98.59
330000.00,39.76
235000.00,31.91
350000.00,51.18
420000.00,51.05
135000.00,76.36
305000.00,42.90
538000.00,55.84
280000.00,47.29
705000.00,90.69
630000.00,76.27
235000.00,35.15
268000.00,29.75
275000.00,41.85
1012200.00,87.62
395000.00,56.12
465200.00,68.09
15000.00,50.72
343000.00,43.33
740000.00,98.54
416000.00,49.24
225000.00,34.98
195000.00,19.31
190000.00,23.88
355000.00,41.97
572000.00,85.09
453000.00,61.22
770000.00,81.35
515500.00,73.01
485000.00,64.00
568600.00,87.07
350000.00,63.30
566000.00,65.49
600000.00,76.08
305000.00,30.35
400000.00,40.00
175000.00,18.07
850000.00,101.91
606470.00,70.03
520000.00,50.79
245000.00,28.68
460000.00,42.75
135000.00,33.30
349500.00,43.62
470000.00,52.37
830000.00,85.34
400000.00,57.29
308000.00,42.06
180000.00,25.90
355000.00,38.43
445000.00,47.68
639000.00,76.24
244570.00,23.09
478000.00,74.85
412000.00,67.96
454400.00,52.20
340000.00,40.69
315650.00,45.05
390000.00,76.29
190000.00,18.91
230000.00,43.84
203415.00,26.56
139412.00,24.61
396105.00,46.34
313000.00,45.21
248400.00,28.57
263375.00,27.95
480000.00,48.02
460000.00,64.00
425000.00,66.16
730000.00,93.74
166500.00,25.37
249000.00,26.29
660000.00,80.69
440000.00,69.00
250000.00,30.37
533000.00,72.92
220000.00,46.47
497500.00,60.22
165000.00,27.00
383000.00,49.57
160000.00,18.59
259000.00,36.04
427779.00,52.06
238000.00,28.30
575000.00,77.40
237000.00,27.06
375000.00,36.05
288500.00,34.20
550000.00,84.11
215000.00,27.67
413000.00,68.28
297000.00,34.55
283300.00,32.50
385000.00,45.90
473432.00,69.07
112000.00,22.70
370000.00,49.03
248800.00,35.20
952000.00,109.17
186368.00,66.01
550000.00,84.13
445750.00,60.21
235000.00,31.45
287000.00,35.30
570000.00,81.43
349000.00,45.05
571100.00,63.92
230000.00,36.29
166000.00,19.75
735000.00,78.35
415000.00,45.37
400000.00,55.15
485000.00,69.08
399000.00,41.62
265000.00,35.01
503000.00,54.40
710000.00,78.16
269800.00,34.88
798300.00,77.52
236100.00,28.93
60000.00,24.08
415000.00,55.96
370000.00,46.03
380000.00,42.12
167000.00,24.86
325682.00,44.05
320000.00,42.45
170000.00,34.31
413075.00,61.02
305000.00,40.42
365000.00,52.80
1220000.00,130.70
320000.00,47.88
856000.00,86.02
1060000.00,107.75
